satPRN,GPS time,Sat.X,Sat.Y,Sat.Z,pseudorange,cn0
G02,3096.3407960820477,14573206.71411265,-5239567.640830624,22040175.96184369,,
G03,3096.3370914550032,23187580.558564212,-12122987.558775622,4011162.6919710715,,
G08,3096.3468488120707,24906736.30404856,4694270.572758321,8528081.895445963,,
G10,3112.341328621027,-1329165.0720265834,17148086.34156501,20352420.163985148,,
G21,3096.3449335930636,15699708.620245434,1536361.2559223366,21913664.42634119,,
G27,3096.343483341043,23150795.05425613,13293206.07379138,-2593025.988618102,,
G28,3096.3376847150503,5200268.047928143,25758890.151180234,-3885488.7660888904,,
G32,3096.3458099510754,8094502.459394407,17964729.605067823,18113974.760810208,,
